11501621,02/04/2015 18:53,[RMS] Burglary,1113 DELWOOD AV  VALLEJO CA 94591,
11501619,02/04/2015 17:46,[RMS] Burglary,155 HILBORN AV  VALLEJO CA 94590,
11501618,02/04/2015 17:18,[RMS] Burglary,307 DRYDEN DR  VALLEJO CA 94591,
11501624,02/04/2015 17:13,[RMS] Burglary,739 INDIANA ST  VALLEJO CA 94590,
11501617,02/04/2015 14:55,[RMS] Burglary,341 LEXINGTON DR  VALLEJO CA 94591,Place: DEAF RESIDENT
11501590,02/04/2015 12:33,[RMS] Burglary,142 PAJARO WY  VALLEJO CA 94591,Place: @SOWALSKY RESIDENCE
11501581,02/04/2015 12:03,[RMS] Burglary,1030 NEBRASKA ST  VALLEJO CA 94590,
11501534,02/03/2015 18:15,[RMS] Burglary,160 LINCOLN RD E  VALLEJO CA 94591,Place: TRAVEL INN
11501515,02/03/2015 13:44,[RMS] Burglary,957 KEATS DRIVE  VALLEJO CA 94591,
11501476,02/02/2015 18:13,[RMS] Burglary,218 ECHO SUMMIT RD  VALLEJO CA 94589,
11501474,02/02/2015 18:03,[RMS] Burglary,185 HIDDEN TRAIL LN  VALLEJO CA 94591,
11501473,02/02/2015 16:15,[RMS] Burglary,171 HIDDEN TRAIL LN  VALLEJO CA 94591,
11501462,02/02/2015 12:27,[RMS] Burglary,112 ZINNIA CIR  VALLEJO CA 94591,
11501494,02/02/2015 09:22,[RMS] Burglary,1220 MONTEREY ST  VALLEJO CA 94590,Place: TAQUERIA LA OVEJA NEGRA
11501439,02/01/2015 19:43,[RMS] Burglary,803 AMADOR ST  VALLEJO CA 94590,
11501427,02/01/2015 13:05,[RMS] Burglary,1171 PORTER ST  VALLEJO CA 94590,Place: OFFICER SAFETY BIO HAZARD
11501414,02/01/2015 06:24,[RMS] Burglary,167 TAFT WY  VALLEJO CA 94591,
11501413,02/01/2015 06:06,[RMS] Burglary,205 COUCH ST  VALLEJO CA 94590,Place: VALLEJO GLASS COMPANY
11501401,01/31/2015 19:10,[RMS] Burglary,167 TAFT WY  VALLEJO CA 94591,
11501376,01/30/2015 19:00,[RMS] Burglary,1175 PORTER ST  VALLEJO CA 94590,
11501372,01/30/2015 17:21,[RMS] Burglary,4085 PENNY LN  VALLEJO CA 94591,
11501369,01/30/2015 15:55,[RMS] Burglary,2401 BROADWAY ST  VALLEJO CA 94589,
11501489,01/30/2015 14:43,[RMS] Burglary-Locked Vessel <$400,51 MONO ST  VALLEJO CA 94590,Place: BIG BAY RV STORAGE LLC
11501360,01/30/2015 12:35,[RMS] Burglary,104 COMBS LN  VALLEJO CA 94590,Place: @ 1 GUN TAKEN
11501391,01/30/2015 09:09,[RMS] Burglary,118 REDWING ST  VALLEJO CA 94589,
11501631,01/30/2015 08:58,[RMS] Burglary,299 REDWING ST  VALLEJO CA 94589,
11501355,01/30/2015 08:06,[RMS] Attempted Burglary-Felony,241 WILLOW ST  VALLEJO CA 94589,
11501325,01/29/2015 12:15,[RMS] Burglary,9342 BIG BEN CT  VALLEJO CA 94591,Place: @POSS 459J
11501302,01/28/2015 20:22,[RMS] Burglary,1943 OHIO ST  VALLEJO CA 94590,
11501340,01/28/2015 16:47,[RMS] Burglary,145 DENTON CT  VALLEJO CA 94591,Place: @SPANISH SPEAKING
11501582,01/28/2015 14:56,[RMS] Burglary,1838 INDIANA ST  VALLEJO CA 94590,Place: SAROYAN SOLUTION
11501290,01/28/2015 11:33,[RMS] Attempted Burglary-Felony,3436 EDGEWATER PL  VALLEJO CA 94591,Place: @CHUI RESIDENCE
11501282,01/28/2015 09:33,[RMS] Burglary,330 BROADWAY ST  VALLEJO CA 94590,
11501250,01/27/2015 10:45,[RMS] Burglary,145 SCENIC WY  VALLEJO CA 94590,Place: @GUN STOLEN
11501318,01/27/2015 09:20,[RMS] Burglary,215 ARGUELLO AV  VALLEJO CA 94591,Place: @POSS 459P
11501276,01/26/2015 20:47,[RMS] Burglary,9 BUCKLES ST  VALLEJO CA 94590,
11501196,01/26/2015 19:25,[RMS] Burglary,1117 PORTER ST  VALLEJO CA 94590,
11501194,01/26/2015 18:44,[RMS] Burglary,24 PANORAMA DR  VALLEJO CA 94589,
11501193,01/26/2015 17:43,[RMS] Burglary,24 PANORAMA DR  VALLEJO CA 94589,Place: @OPEN DOOR
11501248,01/26/2015 15:46,[RMS] Burglary,579 RUSSELL ST  VALLEJO CA 94591,
11501174,01/26/2015 10:36,[RMS] Burglary,601 CAROLINA ST  VALLEJO CA 94590,Place: THOMAS R HEALY ATTY AT LAW
11501227,01/26/2015 09:01,[RMS] Burglary,1321 ALABAMA ST  VALLEJO CA 94590,
11501147,01/25/2015 23:38,[RMS] Burglary,1040 GEORGIA ST  VALLEJO CA 94590,Place: APARTMENT
11501141,01/25/2015 16:29,[RMS] Burglary,820 FLORIDA ST  VALLEJO CA 94590,Place: POSS 459/RP HOME NOW
11501131,01/25/2015 13:46,[RMS] Burglary,1313 LOUISIANA ST  VALLEJO CA 94590,
11501270,01/24/2015 19:38,[RMS] Burglary,2134 SACRAMENTO ST  VALLEJO CA 94590,
11501299,01/24/2015 11:06,[RMS] Burglary,636 VALLE VISTA AV  VALLEJO CA 94590,
11501094,01/24/2015 04:31,[RMS] Burglary,2143 SPRINGS RD  VALLEJO CA 94591,Place: ISLAND PACIFIC
11501214,01/23/2015 13:09,[RMS] Burglary,1415 NAPA ST  VALLEJO CA 94590,
11501057,01/23/2015 11:03,[RMS] Burglary,134 RAINBOW CT  VALLEJO CA 94591,Place: @INTERRUPT
11501093,01/23/2015 03:35,[RMS] Burglary,700 STEFFAN ST  VALLEJO CA 94591,
11501030,01/22/2015 16:39,[RMS] Burglary,124 GARY CIR  VALLEJO CA 94591,
11501061,01/22/2015 10:47,[RMS] Burglary,1140 CAPITOL ST  VALLEJO CA 94590,Place: NEW FAITH CATHEDRAL
11500954,01/22/2015 09:22,[RMS] Attempted Burglary-Felony,145 PLAZA DR  VALLEJO CA 94591,Place: SURUKIS SUSHI TERIYAKI GRIL
11500948,01/22/2015 00:56,[RMS] Burglary,3420 SONOMA BL  VALLEJO CA 94590,Place: TACOS JALISCO
11501103,01/22/2015 00:40,[RMS] Burglary,1308 GLENN ST  VALLEJO CA 94590,
11500934,01/21/2015 17:51,[RMS] Burglary,473 SPRINGS RD  VALLEJO CA 94590,
11500937,01/21/2015 17:26,[RMS] Burglary,1827 MARIN ST  VALLEJO CA 94590,
11500925,01/21/2015 14:53,[RMS] Burglary,710 INDIANA ST  VALLEJO CA 94590,
11500953,01/21/2015 08:12,[RMS] Burglary,165 PLAZA DR  VALLEJO CA 94591,Place: L AND L HAWAIIAN B B Q
11500952,01/21/2015 07:21,[RMS] Burglary,165 PLAZA DR  VALLEJO CA 94591,Place: JAMBA JUICE
11500896,01/20/2015 15:33,[RMS] Burglary,1333 FARRELL ST  VALLEJO CA 94590,
11500895,01/20/2015 15:31,[RMS] Burglary,1050 CALAVERAS WY  VALLEJO CA 94590,
11500851,01/20/2015 01:10,[RMS] Burglary,2050 SOLANO AV  VALLEJO CA 94590,Place: U-HAUL OF VALLEJO
11500849,01/19/2015 23:22,[RMS] Burglary,300 HILARY WY  VALLEJO CA 94591,
11501015,01/19/2015 07:50,[RMS] Burglary,1401 ENTERPRISE ST  VALLEJO CA 94589,Place: MINI U STORAGE
11500868,01/19/2015 06:28,[RMS] Burglary,35 HALLIDAY ST  VALLEJO CA 94590,
11500992,01/19/2015 01:02,[RMS] Burglary,607 DANIELS AVE  VALLEJO CA 94590,
11500843,01/18/2015 16:17,[RMS] Burglary,522 NEBRASKA ST  VALLEJO CA 94590,
11500819,01/18/2015 09:55,[RMS] Attempted Burglary-Felony,1434 SPRINGS RD  VALLEJO CA 94591,Place: BLUE STAR MASSAGE THERAPY
11501170,01/17/2015 19:15,[RMS] Burglary,635 KENTUCKY ST  VALLEJO CA 94590,
11500761,01/17/2015 19:00,[RMS] Burglary,1444 LOUISIANA ST  VALLEJO CA 94590,Place: @HOUSE NOT CHECKED
11500757,01/17/2015 18:07,[RMS] Burglary,211 RICHARDSON DR  VALLEJO CA 94589,
11500758,01/17/2015 16:07,[RMS] Burglary,104 NORTH CAMINO ALTO  VALLEJO CA 94590,
11500753,01/17/2015 15:06,[RMS] Burglary,1433 CORONEL AV  VALLEJO CA 94591,
11500967,01/17/2015 09:14,[RMS] Burglary,1401 ENTERPRISE ST  VALLEJO CA 94589,Place: MINI U STORAGE
11500736,01/17/2015 08:48,[RMS] Burglary,869 OAKWOOD AV  VALLEJO CA 94591,Place: CHARLIE LOCK AND KEY
11500816,01/17/2015 08:37,[RMS] Burglary,1142 OHIO ST  VALLEJO CA 94590,
11500723,01/16/2015 19:14,[RMS] Burglary,847 VALLE VISTA AV  VALLEJO CA 94590,
11500759,01/16/2015 15:19,[RMS] Burglary,2524 TENNESSEE ST  VALLEJO CA 94591,
11500674,01/15/2015 18:37,[RMS] Burglary,915 NAPA ST  VALLEJO CA 94590,
11500664,01/15/2015 17:12,[RMS] Burglary,301 NEVADA ST  VALLEJO CA 94590,
11501457,01/15/2015 11:35,[RMS] Burglary,148 HAWKESBURY CT  VALLEJO CA 94591,
11500875,01/15/2015 10:13,[RMS] Burglary,415 LIGHTHOUSE DR  VALLEJO CA 94590,
11500692,01/15/2015 06:39,[RMS] Burglary,1900 SPRINGS RD  VALLEJO CA 94591,
11500570,01/13/2015 20:00,[RMS] Attempted Burglary-Felony,118 SERRA CT  VALLEJO CA 94590,
11500565,01/13/2015 17:38,[RMS] Burglary,109 GREENFIELD AV  VALLEJO CA 94590,
11500550,01/13/2015 14:26,[RMS] Burglary,141 HAGGERTY ST  VALLEJO CA 94591,
11500501,01/13/2015 01:20,[RMS] Burglary,AMADOR ST & ILLINOIS ST  VALLEJO CA 94590,
11500494,01/12/2015 19:51,[RMS] Burglary,500 MONTEREY ST  VALLEJO CA 94590,Place: APARTMENT
11500492,01/12/2015 19:05,[RMS] Burglary,211 SPRINGS RD  VALLEJO CA 94590,
11500487,01/12/2015 17:46,[RMS] Attempted Burglary-Felony,745 KENTUCKY ST  VALLEJO CA 94590,
11500479,01/12/2015 14:53,[RMS] Burglary,141 PARKHAVEN DR  VALLEJO CA 94591,Place: GAMBA RESIDENCE
11500459,01/12/2015 12:00,[RMS] Burglary,622 MILLER AV  VALLEJO CA 94591,
11500486,01/11/2015 15:07,[RMS] Burglary,1401 ENTERPRISE ST  VALLEJO CA 94589,Place: @ 218 COURTLAND CIR
11500540,01/11/2015 12:15,[RMS] Burglary,726 KENTUCKY ST  VALLEJO CA 94590,
11500629,01/11/2015 02:26,[RMS] Burglary,120 EL MONTE AV  VALLEJO CA 94591,
11500403,01/10/2015 17:26,[RMS] Burglary,522 MAINE ST  VALLEJO CA 94590,Place: @POSS 459
11500399,01/10/2015 14:49,[RMS] Burglary,1037 VIRGINIA ST  VALLEJO CA 94590,
11500423,01/10/2015 10:14,[RMS] Burglary,1900 SPRINGS RD  VALLEJO CA 94591,Place: NATIONAL PETROLEUM
11500536,01/10/2015 10:06,[RMS] Burglary,2000 ASCOT PKY  VALLEJO CA 94591,
11500530,01/10/2015 09:56,[RMS] Burglary,469 HARMONY LN  VALLEJO CA 94591,
11500369,01/09/2015 17:32,[RMS] Burglary,708 YORK ST  VALLEJO CA 94590,
11500365,01/09/2015 15:54,[RMS] Burglary,108 SILVERPINE LN  VALLEJO CA 94591,
11500357,01/09/2015 13:42,[RMS] Burglary,212 HAVEN CT  VALLEJO CA 94591,
11500352,01/09/2015 11:02,[RMS] Attempted Burglary-Felony,6125 WILD DUNE CT  VALLEJO CA 94591,Place: MARICICH RESIDENCE
11500537,01/09/2015 10:27,[RMS] Burglary,1101 NIMITZ AV  VALLEJO CA 94592,
11500336,01/08/2015 21:46,[RMS] Burglary,912 CAROLINA ST  VALLEJO CA 94590,
11500335,01/08/2015 21:37,[RMS] Burglary,139 PURDUE DR  VALLEJO CA 94589,
11500331,01/08/2015 19:46,[RMS] Burglary,36 B ST  VALLEJO CA 94590,
11500332,01/08/2015 19:33,[RMS] Burglary,2851 REDWOOD PW  VALLEJO CA,
11500333,01/08/2015 19:33,[RMS] Burglary,2851 REDWOOD PW  VALLEJO CA,
11500322,01/08/2015 15:08,[RMS] Burglary,RYDER &  BENICIA ROAD  VALLEJO CA 94590,Place: @3280 SONOMA--GUN TAKEN
11500515,01/08/2015 15:08,[RMS] Burglary,920 HUMBOLDT ST  VALLEJO CA 94591,Place: PUBLIC STORAGE
11500272,01/08/2015 11:26,[RMS] Burglary,320 BRUNSWICK DR  VALLEJO CA 94591,
11500256,01/08/2015 03:08,[RMS] Attempted Burglary-Felony,2150 REDWOOD ST  VALLEJO CA 94590,Place: KENTUCKY FRIED CHICKEN
11500328,01/07/2015 16:45,[RMS] Burglary,SOLANO AV & STEWART ST  VALLEJO CA 94590,Place: WILSON PARK
11500258,01/07/2015 06:53,[RMS] Burglary,1110 COLUSA ST  VALLEJO CA 94590,Place: GVRD WHEREHOUSE
11500198,01/06/2015 16:49,[RMS] Burglary,5848 CABERNET DR  VALLEJO CA 94591,
11500363,01/06/2015 14:37,[RMS] Burglary,1427 RICE ST  VALLEJO CA 94590,
11500170,01/06/2015 09:49,[RMS] Burglary,23 MULLER ST  VALLEJO CA 94590,
11500205,01/05/2015 20:16,[RMS] Burglary,927 CAROLINA ST  VALLEJO CA 94590,
11500520,01/05/2015 19:42,[RMS] Burglary,142 FLYING DUTCHMAN CT  VALLEJO CA 94591,
11500146,01/05/2015 17:36,[RMS] Burglary,6656 SAWGRASS LN  VALLEJO CA 94591,
11500462,01/05/2015 17:16,[RMS] Burglary,1825 SPRINGS RD  VALLEJO CA 94591,Place: HAPPY TAILS THRIFT STORE
11500132,01/05/2015 11:45,[RMS] Burglary,271 CADLONI LN  VALLEJO CA 94591,Place: LOPEZ RESIDENCE
11500127,01/05/2015 10:40,[RMS] Burglary,1333 COLUSA ST  VALLEJO CA 94590,
11500153,01/05/2015 00:34,[RMS] Burglary,149 MAHER CT  VALLEJO CA 94591,
11500108,01/04/2015 21:20,[RMS] Burglary,220 REIS AV  VALLEJO CA 94591,Place: HOUSE
11500308,01/04/2015 20:54,[RMS] Burglary,411 NAPA ST  VALLEJO CA 94590,
11500237,01/04/2015 15:42,[RMS] Burglary,55 VALLE VISTA AV  VALLEJO CA 94590,Place: AUSTIN CREEK APARTMENTS
11500093,01/03/2015 22:17,[RMS] Attempted Burglary-Felony,728 TUOLUMNE ST  VALLEJO CA 94590,Place: BUSINESS
11500079,01/03/2015 14:52,[RMS] Burglary,4040 PENNY LN  VALLEJO CA 94591,Place: POSS 459J
11500103,01/03/2015 13:40,[RMS] Burglary,739 TUOLUMNE ST  VALLEJO CA 94590,Place: J PS BARBER SHOP
11500067,01/02/2015 21:44,[RMS] Burglary,2916 REDWOOD PW  VALLEJO CA,
11500472,01/02/2015 21:04,[RMS] Burglary,1900 INDIANA ST  VALLEJO CA 94590,
11500264,01/02/2015 20:58,[RMS] Attempted Burglary-Felony,2916 REDWOOD PW  VALLEJO CA,
11500128,01/02/2015 12:12,[RMS] Burglary,301 FARRAGUT AV  VALLEJO CA 94590,Place: VALLEJO EDUCATIONAL ACADEMY
11500303,01/02/2015 11:36,[RMS] Burglary,2139 GARNET CIR  VALLEJO CA 94591,
11500036,01/01/2015 23:44,[RMS] Burglary,875 NIMITZ AV  VALLEJO CA 94592,Place: @ACROSS FROM
11500675,01/01/2015 17:55,[RMS] Burglary,808 NAPA ST  VALLEJO CA 94590,
11500019,01/01/2015 13:45,[RMS] Burglary,101 AGNES CT  VALLEJO CA 94589,Place: COLEMAN RESIDENCE
11500311,12/31/2014 14:28,[RMS] Burglary,1183 PORTER ST  VALLEJO CA 94590,
11416013,12/30/2014 21:33,[RMS] Burglary,1167 PORTER ST  VALLEJO CA 94590,
11500087,12/30/2014 17:41,[RMS] Attempted Burglary-Felony,1201 GLEN COVE PKY  VALLEJO CA 94591,
11415958,12/30/2014 09:40,[RMS] Burglary,2015 SPRINGS RD  VALLEJO CA 94591,Place: BARBS BLUE ROCK LOUNGE
11416027,12/29/2014 09:59,[RMS] Burglary,1080 MAGAZINE ST  VALLEJO CA 94591,Place: VALLEJO SELF STORAGE
11415862,12/27/2014 20:18,[RMS] Burglary,918 ADMIRAL CALLAGHAN LN  VALLEJO CA 94591,Place: RADIO SHACK
11415913,12/27/2014 10:41,[RMS] Burglary,225 FAIRHAVEN WY  VALLEJO CA 94591,
11415867,12/27/2014 00:10,[RMS] Burglary,19 PANORAMA DR  VALLEJO CA 94589,Place: HOLIDAY GARDENS APTS
11415828,12/26/2014 13:41,[RMS] Burglary,1219 KENTUCKY ST  VALLEJO CA 94590,
11415863,12/25/2014 21:18,[RMS] Burglary,510 POPLAR AV  VALLEJO CA 94592,
11415836,12/25/2014 17:19,[RMS] Burglary,320.5  HAMPSHIRE ST  VALLEJO CA 94590,
11415782,12/24/2014 23:40,[RMS] Burglary,1537 VALLE VISTA AV  VALLEJO CA 94589,
11415781,12/24/2014 22:12,[RMS] Burglary,58 B ST  VALLEJO CA 94590,
11415979,12/24/2014 15:32,[RMS] Burglary,758 JACK LONDON DR  VALLEJO CA 94589,
11415769,12/24/2014 13:21,[RMS] Attempted Burglary-Felony,129 GARY CIR  VALLEJO CA 94591,Place: @ATTEMPT
11415925,12/24/2014 11:21,[RMS] Burglary,1149 PORTER ST  VALLEJO CA 94590,
11415789,12/24/2014 07:40,[RMS] Burglary,111 ASH ST  VALLEJO CA 94589,
11415844,12/23/2014 22:50,[RMS] Burglary,306 HICHBORN ST  VALLEJO CA 94590,
11415770,12/23/2014 10:05,[RMS] Burglary,117 BAYVIEW AV  VALLEJO CA 94590,Place: HOUSE
11415699,12/23/2014 08:37,[RMS] Burglary,1332 DEL MAR AV  VALLEJO CA 94589,Place: 10851
11415691,12/22/2014 21:15,[RMS] Burglary,85 CALHOUN ST  VALLEJO CA 94590,
11415678,12/22/2014 17:45,[RMS] Burglary,743 PUEBLO WY  VALLEJO CA 94591,
11415679,12/22/2014 15:01,[RMS] Attempted Burglary-Felony,133 VOYAGER DR  VALLEJO CA 94590,Place: MENDOZA RESIDENCE
11415951,12/22/2014 12:19,[RMS] Burglary,812 DANIELS AVE  VALLEJO CA 94590,
11415673,12/21/2014 18:11,[RMS] Burglary,100M MAHER CT  VALLEJO CA 94591,
11415710,12/21/2014 16:42,[RMS] Attempted Burglary-Felony,310 CRISP AV  VALLEJO CA 94592,
11415662,12/21/2014 11:58,[RMS] Burglary,1900 ASCOT PKY  VALLEJO CA 94591,
11501180,12/21/2014 11:19,[RMS] Burglary,1401 ENTERPRISE ST  VALLEJO CA 94589,Place: MINI U STORAGE
11415564,12/20/2014 21:34,[RMS] Burglary,714 GEORGIA ST  VALLEJO CA 94590,
11415562,12/20/2014 20:59,[RMS] Attempted Burglary-Felony,400 NOTRE DAME DR  VALLEJO CA 94589,Place: LINGAD RESIDENCE
11415626,12/20/2014 12:30,[RMS] Burglary,218 ALABAMA ST  VALLEJO CA 94590,
11415543,12/20/2014 06:41,[RMS] Burglary,2580 SPRINGS RD  VALLEJO CA 94591,Place: SEVEN ELEVEN
11415609,12/19/2014 23:06,[RMS] Burglary,639 CAROLINA ST  VALLEJO CA 94590,
11415526,12/19/2014 17:48,[RMS] Burglary,526 DANIELS AVE  VALLEJO CA 94590,Place: @HOUSE NOT CHECKED
11415525,12/19/2014 17:16,[RMS] Burglary,133 CANDY DR  VALLEJO CA 94589,
11415528,12/19/2014 17:01,[RMS] Burglary,503 DANIELS AVE  VALLEJO CA 94590,
11415653,12/19/2014 16:10,[RMS] Burglary,227 VIEWMONT AV  VALLEJO CA 94590,
11415517,12/19/2014 15:40,[RMS] Burglary,304 SEAWIND DR  VALLEJO CA 94590,
11500085,12/19/2014 14:44,[RMS] Burglary,621 TISDALE AV  VALLEJO CA 94592,
11415511,12/19/2014 11:55,[RMS] Burglary,301 BASALT DR  VALLEJO CA 94589,
11415650,12/19/2014 08:23,[RMS] Burglary,1080 MAGAZINE ST  VALLEJO CA 94591,Place: VALLEJO SELF STORAGE
11415502,12/19/2014 01:29,[RMS] Burglary,385 AMBER AV  VALLEJO CA 94589,
11415498,12/18/2014 20:43,[RMS] Burglary,355 PARKVIEW TER  VALLEJO CA 94589,
11415496,12/18/2014 19:10,[RMS] Burglary,500 KEATS DR  VALLEJO CA 94591,
11415665,12/18/2014 16:01,[RMS] Burglary,1460 DELWOOD ST  VALLEJO CA 94591,
11415520,12/18/2014 15:42,[RMS] Burglary,106 DIENINGER ST  VALLEJO CA 94589,
11415497,12/18/2014 14:31,[RMS] Attempted Burglary-Felony,28 D ST  VALLEJO CA 94590,
11415726,12/18/2014 13:59,[RMS] Burglary,3 FREY PL  VALLEJO CA 94590,
11415471,12/18/2014 13:21,[RMS] Burglary,32 BALDWIN ST  VALLEJO CA 94590,Place: LOFYS CREATIONS
11415479,12/18/2014 12:27,[RMS] Burglary,129 CASTILE ST  VALLEJO CA 94591,Place: HOUSE
11415633,12/18/2014 09:42,[RMS] Burglary,732 TUOLUMNE ST  VALLEJO CA 94590,Place: VILLAGE BAR
11415505,12/18/2014 07:28,[RMS] Burglary,1333 N CAMINO ALTO  VALLEJO CA 94589,
11415570,12/17/2014 20:29,[RMS] Burglary,88 VALLE VISTA AV  VALLEJO CA 94590,
11415487,12/17/2014 15:01,[RMS] Burglary,265 MINI DR  VALLEJO CA 94589,Place: PUBLIC STORAGE
11415440,12/17/2014 14:55,[RMS] Burglary,624 MONTEREY ST  VALLEJO CA 94590,
11415427,12/17/2014 14:46,[RMS] Attempted Burglary-Felony,627 HICHBORN ST  VALLEJO CA 94590,
11415418,12/17/2014 11:58,[RMS] Burglary,1412 FLORIDA ST  VALLEJO CA 94590,
11415435,12/17/2014 11:19,[RMS] Attempted Burglary-Felony,5072 GEORGIA ST  VALLEJO CA 94591,Place: @MCLEOD RESIDENCE
11415386,12/16/2014 18:49,[RMS] Burglary,2902 REDWOOD PW  VALLEJO CA,
11415383,12/16/2014 14:36,[RMS] Burglary,113 TURNBERRY WY  VALLEJO CA 94591,
11500299,12/16/2014 14:20,[RMS] Burglary,612 DEL MAR AV  VALLEJO CA 94589,Place: COOPER ELEMENTARY SCHOOL
11415378,12/16/2014 09:59,[RMS] Burglary,101 CHAPMAN CT  VALLEJO CA 94589,Place: @BUNTIN RESIDENCE
11415414,12/16/2014 08:49,[RMS] Burglary,1900 SPRINGS RD  VALLEJO CA 94591,Place: NATIONAL PETROLEUM
11415342,12/15/2014 20:25,[RMS] Burglary,792 JACK LONDON DR  VALLEJO CA 94589,
11415370,12/15/2014 20:18,[RMS] Burglary,770 JACK LONDON DR  VALLEJO CA 94589,
11415344,12/15/2014 20:15,[RMS] Burglary,114 NEBRASKA ST  VALLEJO CA 94590,Place: @REED RESIDENCE
11415340,12/15/2014 19:44,[RMS] Burglary,493 IDORA AV  VALLEJO CA 94591,
11415481,12/15/2014 18:10,[RMS] Burglary,508 DANIELS AVE  VALLEJO CA 94590,
11415337,12/15/2014 17:44,[RMS] Burglary,65 BENICIA RD  VALLEJO CA 94590,Place: BAY TOWING STORAGE YARD
11415361,12/15/2014 15:07,[RMS] Burglary,138 MCGRUE AV  VALLEJO CA 94589,
11415312,12/15/2014 12:43,[RMS] Burglary,1080 MAGAZINE ST  VALLEJO CA 94591,Place: VALLEJO SELF STORAGE
11415306,12/15/2014 11:49,[RMS] Burglary,303 REIS AV  VALLEJO CA 94591,
11415302,12/15/2014 10:11,[RMS] Burglary,311 CAROUSEL DR  VALLEJO CA 94589,Place: KREAGER RESIDENCE
11415371,12/14/2014 21:33,[RMS] Burglary,210 LOCUST DR  VALLEJO CA 94591,
11415244,12/14/2014 10:22,[RMS] Burglary,597 SANDY BEACH RD  VALLEJO CA 94590,Place: MOTEL 6
11415243,12/14/2014 10:04,[RMS] Burglary,1012 GATEWAY DR  VALLEJO CA 94589,
11415232,12/13/2014 18:45,[RMS] Burglary,361 AVIAN DR  VALLEJO CA 94591,
11415649,12/13/2014 13:21,[RMS] Attempted Burglary-Felony,909 CAPITOL ST  VALLEJO CA 94590,
11415216,12/13/2014 09:00,[RMS] Burglary,711 YORK ST  VALLEJO CA 94590,
11415212,12/13/2014 04:38,[RMS] Burglary,114 NEBRASKA ST  VALLEJO CA 94590,Place: REED RESIDENCE
11415209,12/13/2014 00:33,[RMS] Attempted Burglary-Felony,4166 PENNY LN  VALLEJO CA 94591,
11500213,12/13/2014 00:17,[RMS] Burglary,409 CAROLINA ST  VALLEJO CA 94590,Place: @APT IN BACK
11415296,12/12/2014 20:02,[RMS] Burglary,825 LOUISIANA ST  VALLEJO CA 94590,
11415192,12/12/2014 14:59,[RMS] Burglary,131 WALLACE AVE  VALLEJO CA 94590,Place: @RESP KNOWN
11415191,12/12/2014 13:59,[RMS] Burglary,60 ROTARY WAY  VALLEJO CA 94591,Place: INTERUPTED
11415217,12/12/2014 09:19,[RMS] Burglary,1332 LINCOLN RD E  VALLEJO CA 94591,Place: @THE TREE LOT
11415179,12/12/2014 08:31,[RMS] Burglary,480 REDWOOD ST  VALLEJO CA 94590,Place: LOS GALLITOS TAQUERIA
11415173,12/11/2014 22:56,[RMS] Attempted Burglary-Felony,313 LOUISIANA ST  VALLEJO CA 94590,Place: @GARAGE IN ALLEY
11415168,12/11/2014 15:19,[RMS] Burglary,212 HAVEN CT  VALLEJO CA 94591,
11415180,12/11/2014 08:55,[RMS] Burglary,3624 SONOMA BL  VALLEJO CA 94590,Place: PHO 1 NOODLE HOUSE
11415132,12/11/2014 03:30,[RMS] Burglary,510 COUCH ST  VALLEJO CA 94590,Place: MACH 1 MOTORSPORTS
11415119,12/10/2014 20:23,[RMS] Attempted Burglary-Felony,1201 GLEN COVE PKY  VALLEJO CA 94591,
11415120,12/10/2014 20:09,[RMS] Burglary,319 WHITECLIFF DR  VALLEJO CA 94589,
11415117,12/10/2014 19:34,[RMS] Burglary,401 FLEMING AVE E  VALLEJO CA 94591,Place: @ATTEMPT
11415126,12/10/2014 18:23,[RMS] Burglary,1014 MARIN ST  VALLEJO CA 94590,
11415170,12/10/2014 16:56,[RMS] Burglary,300 HILARY WY  VALLEJO CA 94591,
11415107,12/10/2014 16:38,[RMS] Burglary,1010A MARIN ST.  VALLEJO CA 94590,Place: **FROM CARD**
11415110,12/10/2014 15:22,[RMS] Burglary,53 RODGERS ST  VALLEJO CA 94590,
11415100,12/10/2014 14:29,[RMS] Burglary,260 WINDSOR WY  VALLEJO CA 94591,Place: 459?
11415099,12/10/2014 12:25,[RMS] Burglary,65 RODGERS ST  VALLEJO CA 94590,
11415152,12/10/2014 11:32,[RMS] Burglary,1107 PORTER ST  VALLEJO CA 94590,Place: BAY VILLAGE APARTMENTS
11415090,12/10/2014 11:28,[RMS] Burglary,1001 FALCON DR  VALLEJO CA 94589,
11415332,12/09/2014 16:00,[RMS] Burglary,461 DEL SUR ST  VALLEJO CA 94591,Place: STAGED TO SELL
11415001,12/08/2014 14:49,[RMS] Burglary,147 SEASCAPE DR  VALLEJO CA 94591,
11415323,12/08/2014 13:28,[RMS] Burglary,574 BRUNSWICK DR  VALLEJO CA 94591,
11415044,12/08/2014 12:38,[RMS] Burglary,1901 ILLINOIS ST  VALLEJO CA 94590,Place: @POSS 459J?
11414947,12/07/2014 18:02,[RMS] Burglary,609 OHIO ST  VALLEJO CA 94590,
11415017,12/07/2014 17:50,[RMS] Burglary,88 VALLE VISTA AV  VALLEJO CA 94590,
11415401,12/07/2014 01:13,[RMS] Burglary,1600 SANTA CLARA ST  VALLEJO CA 94590,
11414915,12/06/2014 16:32,[RMS] Burglary,198 PLAZA DR  VALLEJO CA 94591,Place: COSTCO
11414895,12/06/2014 04:09,[RMS] Attempted Burglary-Felony,1516 SUTTER ST  VALLEJO CA 94590,
11414892,12/06/2014 01:40,[RMS] Burglary,1183 PORTER ST  VALLEJO CA 94590,
11414890,12/05/2014 23:34,[RMS] Burglary,1177 PORTER ST  VALLEJO CA 94590,
11414874,12/05/2014 13:05,[RMS] Burglary,517 WHITNEY AV  VALLEJO CA 94589,
11414873,12/05/2014 12:10,[RMS] Burglary,1080 LINCOLN ROAD EAST  VALLEJO CA 94591,Place: PUBLIC STORAGE
11414863,12/05/2014 07:28,[RMS] Attempted Burglary-Felony,142 ERIN DR  VALLEJO CA 94589,
11414854,12/04/2014 22:45,[RMS] Burglary,2851 REDWOOD PW  VALLEJO CA,
11414857,12/04/2014 22:38,[RMS] Burglary,1181 PORTER ST  VALLEJO CA 94590,Place: SILVER OAK TRADE INC
11414853,12/04/2014 19:47,[RMS] Burglary,1382 OAKWOOD AV  VALLEJO CA 94591,Place: @SECURITY CHK
11414850,12/04/2014 15:56,[RMS] Burglary,297 LONGRIDGE DR  VALLEJO CA 94591,Place: JONES RESIDENCE
11414986,12/04/2014 15:25,[RMS] Burglary,101 FAIRVIEW AV  VALLEJO CA 94589,
11414990,12/04/2014 14:01,[RMS] Burglary,265 MINI DR  VALLEJO CA 94589,Place: PUBLIC STORAGE
11414771,12/03/2014 11:53,[RMS] Burglary,1600 OAKWOOD AV  VALLEJO CA 94591,Place: NOONE SEE N- 1033A
11414773,12/03/2014 10:55,[RMS] Burglary,55 VALLE VISTA AV  VALLEJO CA 94590,
11414824,12/03/2014 10:52,[RMS] Burglary,405 CONCORD ST  VALLEJO CA 94591,
11414766,12/03/2014 10:39,[RMS] Burglary,614 LOUISIANA ST  VALLEJO CA 94590,
11415902,12/02/2014 19:39,[RMS] Burglary,119 KENTUCKY ST  VALLEJO CA 94590,
11414745,12/02/2014 19:08,[RMS] Burglary,128 RAINBOW CT  VALLEJO CA 94591,
11414750,12/02/2014 17:54,[RMS] Burglary,231 WOODSON WY  VALLEJO CA 94591,
11414738,12/02/2014 17:20,[RMS] Burglary,247 WINDSOR WY  VALLEJO CA 94591,
11414736,12/02/2014 15:27,[RMS] Attempted Burglary-Felony,639 TUOLUMNE ST  VALLEJO CA 94590,Place: @ATTEMPT
11414730,12/02/2014 14:58,[RMS] Burglary,614 GRENNAN ST  VALLEJO CA 94591,
11414786,12/02/2014 13:59,[RMS] Burglary,330 HERMOSA AV  VALLEJO CA 94589,
11414712,12/02/2014 09:25,[RMS] Burglary,153 CARNATION CIR  VALLEJO CA 94589,
11414670,12/01/2014 17:53,[RMS] Burglary,313 LOUISIANA ST  VALLEJO CA 94590,Place: @B/F W/GUN IN THE HOUSE
11414674,12/01/2014 17:09,[RMS] Burglary,131 ROSE CT  VALLEJO CA 94589,
11414704,12/01/2014 17:06,[RMS] Burglary,1141 PORTER ST  VALLEJO CA 94590,
11414661,12/01/2014 17:02,[RMS] Burglary,4 MARIPOSA ST  VALLEJO CA 94590,
11501468,12/01/2014 15:17,[RMS] Burglary,214 FALCON DR  VALLEJO CA 94589,
11414610,11/30/2014 20:22,[RMS] Burglary,325 AMBER AV  VALLEJO CA 94589,
11414609,11/30/2014 18:58,[RMS] Burglary,996 ASTER ST  VALLEJO CA 94589,Place: SCHWERIN RESIDENCE
11414618,11/30/2014 05:28,[RMS] Burglary,1219 MARIN ST  VALLEJO CA 94590,Place: DOUCETTE & ASSOCIATES
11414614,11/29/2014 23:55,[RMS] Burglary,1000 PUEBLO CT  VALLEJO CA 94591,
11414845,11/29/2014 15:20,[RMS] Burglary,1983 GRIFFIN DR  VALLEJO CA 94589,Place: @ 1983 GRIFFIN DR
11415731,11/29/2014 14:05,[RMS] Burglary,1201 GLEN COVE PKY  VALLEJO CA 94591,
11414569,11/29/2014 13:54,[RMS] Burglary,904 ADMIRAL CALLAGHAN LN  VALLEJO CA 94591,Place: TARGET
11414655,11/28/2014 23:35,[RMS] Burglary,312 FARRAGUT AV  VALLEJO CA 94590,
11414652,11/28/2014 20:17,[RMS] Burglary,523 BRANCIFORTE ST  VALLEJO CA 94590,
11414567,11/28/2014 13:12,[RMS] Burglary,444 GEORGIA ST  VALLEJO CA 94590,Place: VALLEJO ADMIRALS
11414834,11/28/2014 12:52,[RMS] Burglary,574 BRUNSWICK DR  VALLEJO CA 94591,
11414524,11/28/2014 11:25,[RMS] Burglary,101 VIOLET DR  VALLEJO CA 94589,Place: RESIDENCE
11415474,11/28/2014 10:08,[RMS] Burglary,975 SERENO DR  VALLEJO CA 94589,Place: KAISER BAYVIEW SOUTH
11414521,11/27/2014 23:26,[RMS] Burglary,125 W BAXTER ST  VALLEJO CA 94590,
11414513,11/27/2014 22:46,[RMS] Burglary,721 EL DORADO ST  VALLEJO CA 94590,
11414651,11/27/2014 19:59,[RMS] Burglary,100 FLORIDA ST  VALLEJO CA 94590,
11414507,11/27/2014 19:25,[RMS] Burglary,701 LAUREL ST  VALLEJO CA 94591,Place: KITCHEN WINDOW
11414735,11/27/2014 14:01,[RMS] Burglary,148 W BAXTER ST  VALLEJO CA 94590,
11414620,11/27/2014 10:56,[RMS] Burglary,920 HUMBOLDT ST  VALLEJO CA 94591,Place: PUBLIC STORAGE
11415948,11/27/2014 08:48,[RMS] Burglary,2030 BROADWAY ST  VALLEJO CA 94589,Place: DELTA PACIFIC STEEL
11414497,11/27/2014 07:14,[RMS] Burglary,800 LIGHTHOUSE DR  VALLEJO CA 94590,Place: HILLCREST BAPTIST CHURCH
11414515,11/27/2014 01:00,[RMS] Burglary,824 FLORIDA ST  VALLEJO CA 94590,
11414486,11/26/2014 20:55,[RMS] Burglary,411 FLORIDA ST  VALLEJO CA 94590,
11414485,11/26/2014 20:52,[RMS] Burglary,1025 PINE ST  VALLEJO CA 94590,
11414632,11/26/2014 19:16,[RMS] Burglary,112 FLORIDA ST  VALLEJO CA 94590,
11414477,11/26/2014 18:14,[RMS] Burglary,938 VIRGINIA ST  VALLEJO CA 94590,Place: RUFF ENDEAVORS
11414483,11/26/2014 17:57,[RMS] Burglary,82 B ST  VALLEJO CA 94590,Place: 1021 WHEN ENRT
11414549,11/26/2014 16:56,[RMS] Burglary,1114 CAROLINA ST  VALLEJO CA 94590,Place: RESP KNOWN
11414474,11/26/2014 15:38,[RMS] Burglary,1114 SACRAMENTO ST  VALLEJO CA 94590,
11414455,11/26/2014 11:19,[RMS] Burglary,124 DAFFODIL CIR  VALLEJO CA 94591,Place: 30 AGO
11414616,11/26/2014 00:49,[RMS] Burglary,300 HILARY WY  VALLEJO CA 94591,
11414636,11/25/2014 17:12,[RMS] Burglary,928 VIRGINIA ST  VALLEJO CA 94590,Place: RUFF ENDEAVORS
11414659,11/25/2014 12:15,[RMS] Burglary,136 HARRIER AV  VALLEJO CA 94590,
11414988,11/25/2014 12:12,[RMS] Burglary,501 STARR AV  VALLEJO CA 94590,
11414450,11/25/2014 08:05,[RMS] Burglary,472 PARKVIEW TER  VALLEJO CA 94589,
11414978,11/24/2014 21:25,[RMS] Burglary,430 SOUTHPORT WY  VALLEJO CA 94591,
11414378,11/24/2014 18:00,[RMS] Burglary,240 WINDSOR WY  VALLEJO CA 94591,
11414380,11/24/2014 17:31,[RMS] Burglary,1128 ROLEEN DR  VALLEJO CA 94589,
11414379,11/24/2014 17:17,[RMS] Burglary,201 WHALE BONE CT  VALLEJO CA 94591,
11414377,11/24/2014 16:52,[RMS] Burglary,1402 FLORIDA ST  VALLEJO CA 94590,
11414374,11/24/2014 16:19,[RMS] Burglary,1017 KENTUCKY ST  VALLEJO CA 94590,
11414375,11/24/2014 14:02,[RMS] Burglary,532 YORK ST  VALLEJO CA 94590,
11414354,11/24/2014 09:27,[RMS] Burglary,4300 SONOMA BL  VALLEJO CA 94589,Place: WE CASH
11414638,11/24/2014 05:51,[RMS] Burglary,120 STEPHANIE CT  VALLEJO CA 94589,
11414689,11/23/2014 13:43,[RMS] Burglary,825 LOUISIANA ST  VALLEJO CA 94590,
11414341,11/23/2014 09:14,[RMS] Burglary,4300 SONOMA BL  VALLEJO CA 94589,Place: HAIR LOVE BEAUTY SUPPLY
11414403,11/23/2014 08:46,[RMS] Burglary,717 AMADOR ST  VALLEJO CA 94590,Place: BELVA HAIR DESIGN
11414289,11/22/2014 19:28,[RMS] Burglary,66 ROTARY WY  VALLEJO CA 94591,
11414288,11/22/2014 19:13,[RMS] Burglary,1900 ASCOT PKY  VALLEJO CA 94591,
11414279,11/22/2014 13:57,[RMS] Burglary,624 LOUISIANA ST  VALLEJO CA 94590,
11414263,11/21/2014 21:28,[RMS] Burglary,218 ECHO SUMMIT RD  VALLEJO CA 94589,
11414261,11/21/2014 20:02,[RMS] Burglary,728 MONTEREY ST  VALLEJO CA 94590,
11414258,11/21/2014 16:53,[RMS] Attempted Burglary-Felony,21 VENTURA ST  VALLEJO CA 94590,Place: DUNWOODY RESIDENCE
11414394,11/21/2014 15:04,[RMS] Burglary,1140 CUNNINGHAM ST  VALLEJO CA 94590,
11414239,11/21/2014 08:55,[RMS] Burglary,325 AUBURN DR  VALLEJO CA 94589,Place: POZOS RESIDENCE
11414327,11/20/2014 22:20,[RMS] Burglary,547 LIGHTHOUSE DR  VALLEJO CA 94590,
11414219,11/20/2014 18:00,[RMS] Burglary,310 VALENCIA ST  VALLEJO CA 94591,
11414213,11/20/2014 15:29,[RMS] Burglary,425 REIS  VALLEJO CA 94591,Place: @SECURITY CK
11414208,11/20/2014 14:00,[RMS] Attempted Burglary-Felony,316 MEADOWS DR  VALLEJO CA 94589,Place: @ATTEMPT 459
11414198,11/20/2014 12:25,[RMS] Attempted Burglary-Felony,215 SHASTA ST  VALLEJO CA 94590,Place: HOUSE
11414178,11/19/2014 22:03,[RMS] Burglary,5 PANORAMA DR  VALLEJO CA 94589,
11414176,11/19/2014 19:46,[RMS] Burglary,6400 EAGLE RIDGE DR  VALLEJO CA 94591,
11414173,11/19/2014 19:00,[RMS] Burglary,5832 CABERNET DR  VALLEJO CA 94591,Place: @AMBOY RESIDENCE
11414174,11/19/2014 17:27,[RMS] Burglary,620 LOUISIANA ST  VALLEJO CA 94590,
11414163,11/19/2014 12:16,[RMS] Burglary,2313 SONOMA BL  VALLEJO CA 94590,Place: 97 CENTS STORE
11414138,11/18/2014 23:45,[RMS] Burglary,88 VALLE VISTA AV  VALLEJO CA 94590,Place: GATE CODE 0088
11414132,11/18/2014 19:56,[RMS] Burglary,1117 SUTTER ST  VALLEJO CA 94590,
11414136,11/18/2014 19:45,[RMS] Burglary,6291 PEBBLE BEACH DR  VALLEJO CA 94591,Place: @CHANG RESIDENCE
11414126,11/18/2014 16:43,[RMS] Burglary,127 W BAXTER ST  VALLEJO CA 94590,
11414106,11/18/2014 09:35,[RMS] Burglary,812 GEORGIA ST  VALLEJO CA 94590,
11414090,11/17/2014 22:34,[RMS] Burglary,5801 CABERNET DR  VALLEJO CA 94591,
11414083,11/17/2014 16:21,[RMS] Burglary,109 OHIO ST  VALLEJO CA 94590,
11414064,11/17/2014 10:21,[RMS] Burglary,55 VALLE VISTA AV  VALLEJO CA 94590,Place: AUSTIN CREEK APARTMENTS
11414047,11/17/2014 08:43,[RMS] Burglary,125 POWER DR  VALLEJO CA 94589,Place: RESIDENCE
11414046,11/17/2014 06:30,[RMS] Burglary,129 POWER DR  VALLEJO CA 94589,Place: RESIDENCE
11414021,11/16/2014 17:37,[RMS] Burglary,314 GLENVIEW CIR  VALLEJO CA 94591,
11414124,11/16/2014 14:43,[RMS] Burglary,1101 MARIN ST  VALLEJO CA 94590,Place: OPEN DOOR/REP 97
11413967,11/14/2014 21:44,[RMS] Burglary,212 HAVEN CT  VALLEJO CA 94591,
11414071,11/14/2014 13:39,[RMS] Burglary,300 HILARY WY  VALLEJO CA 94591,
11414756,11/14/2014 09:51,[RMS] Burglary,1008 OHIO ST  VALLEJO CA 94590,Place: @ VPD LOBBY - STOLEN GUN
11413944,11/14/2014 08:24,[RMS] Burglary,201 AUTO MALL PKY  VALLEJO CA 94591,Place: TOYOTA OF VALLEJO
11413937,11/13/2014 20:58,[RMS] Burglary,869 BRENTWOOD AV  VALLEJO CA 94591,
11413915,11/13/2014 11:00,[RMS] Burglary,465 SKYLINE DR  VALLEJO CA 94591,
11413909,11/13/2014 10:33,[RMS] Burglary,401 HOLLY ST  VALLEJO CA 94589,
11413904,11/13/2014 01:58,[RMS] Burglary,707 HEARTWOOD AV  VALLEJO CA 94591,Place: GVRD HEARWOOD PORTABLE
11413883,11/12/2014 15:06,[RMS] Burglary,1211 NAPA ST  VALLEJO CA 94590,
11413888,11/12/2014 11:00,[RMS] Burglary,1040 FLAGSHIP DR  VALLEJO CA 94592,
11413886,11/11/2014 23:21,[RMS] Burglary,1101 N CAMINO ALTO  VALLEJO CA 94589,
11413789,11/10/2014 15:05,[RMS] Burglary,1426 BEACH ST  VALLEJO CA 94590,
11414728,11/10/2014 14:11,[RMS] Burglary,614 GRENNAN ST  VALLEJO CA 94591,
11413741,11/09/2014 00:18,[RMS] Burglary,399 MEADOWS DR  VALLEJO CA 94589,
11413868,11/08/2014 13:14,[RMS] Burglary,230 CASSADY ST  VALLEJO CA 94590,
11415040,11/08/2014 12:00,[RMS] Burglary,419 BRUNSWICK DR  VALLEJO CA 94591,
11413711,11/07/2014 21:35,[RMS] Burglary,1100 ALAMEDA ST  VALLEJO CA 94590,
11413710,11/07/2014 20:07,[RMS] Burglary,802 DANIELS AVE  VALLEJO CA 94590,
11413853,11/07/2014 18:31,[RMS] Burglary,2190 SACRAMENTO ST  VALLEJO CA 94590,
11413709,11/07/2014 18:28,[RMS] Burglary,435 ILLINOIS ST  VALLEJO CA 94590,Place: @RESPS POSS IN AREA
11413704,11/07/2014 16:32,[RMS] Burglary,440 CURTOLA PKY  VALLEJO CA 94590,Place: @10 AGO/VALLEJO TIMES HERALD INC
11413927,11/07/2014 11:25,[RMS] Burglary,215 LOUISIANA ST  VALLEJO CA 94590,
11413686,11/07/2014 06:12,[RMS] Burglary,WALNUT AV & A ST  VALLEJO CA 94592,Place: @BLDG 535
11413672,11/06/2014 19:06,[RMS] Attempted Burglary-Felony,101 ARROWHEAD DR  VALLEJO CA 94589,Place: ATTEMPT
11413846,11/06/2014 15:11,[RMS] Burglary,300 HILARY WY  VALLEJO CA 94591,
11413633,11/06/2014 09:53,[RMS] Attempted Burglary-Felony,101 CIMARRON DR  VALLEJO CA 94589,Place: NORIEGA RESIDENCE
11413692,11/06/2014 09:30,[RMS] Burglary,726 VERVAIS AV  VALLEJO CA 94591,
11413624,11/06/2014 04:10,[RMS] Burglary,1140 ROLEEN DR  VALLEJO CA 94589,
11413618,11/05/2014 19:59,[RMS] Burglary,648 CEDAR ST  VALLEJO CA 94591,
11413616,11/05/2014 19:28,[RMS] Burglary,130 OUTRIGGER DR  VALLEJO CA 94591,
11413617,11/05/2014 18:31,[RMS] Burglary,108 MAYO AV  VALLEJO CA 94590,
11413614,11/05/2014 18:15,[RMS] Burglary,330 WALLACE AVE  VALLEJO CA 94590,
11414445,11/05/2014 07:55,[RMS] Attempted Burglary-Felony,1324 SUTTER ST  VALLEJO CA 94590,Place: HOUSE
11413568,11/04/2014 20:57,[RMS] Burglary,113 JACKSON WY  VALLEJO CA 94591,
11413545,11/04/2014 14:44,[RMS] Burglary,315 LOUISIANA ST  VALLEJO CA 94590,Place: HOUSE
11413541,11/04/2014 12:50,[RMS] Attempted Burglary-Felony,1148 OAKWOOD AV  VALLEJO CA 94591,Place: @2P4 TO HANDLE
11413580,11/04/2014 08:53,[RMS] Burglary,2305 SPRINGS RD  VALLEJO CA 94591,Place: PIZZA HUT
11413517,11/04/2014 05:44,[RMS] Burglary,WOODROW AV & HOME ACRES AV  VALLEJO CA 94591,Place: @488 ATTEMPT
11413506,11/03/2014 20:26,[RMS] Burglary,315 LOUISIANA ST  VALLEJO CA 94590,
11413500,11/03/2014 16:29,[RMS] Burglary,717 POPE DR  VALLEJO CA 94591,
11413474,11/03/2014 12:00,[RMS] Burglary,1716 SONOMA BL  VALLEJO CA 94590,
11413488,11/03/2014 11:29,[RMS] Burglary,1320 LEMON ST  VALLEJO CA 94590,Place: FIVE STAR STORAGE
11413497,11/03/2014 07:01,[RMS] Burglary,3274 SONOMA BL  VALLEJO CA 94590,Place: THRIFT CENTER
11414630,11/02/2014 17:27,[RMS] Burglary,310 CAROUSEL DR  VALLEJO CA 94589,
11413498,11/02/2014 15:00,[RMS] Burglary,50 CHESLEY CT  VALLEJO CA 94591,
11414911,11/02/2014 14:56,[RMS] Burglary,163 BRIDGEVIEW PL  VALLEJO CA 94591,
11413649,11/02/2014 13:14,[RMS] Burglary,1928 SPRINGS RD  VALLEJO CA 94591,
11413487,11/02/2014 11:31,[RMS] Burglary,55 VALLE VISTA AV  VALLEJO CA 94590,
11413405,11/01/2014 19:23,[RMS] Burglary,500 CHRISTOPHER WY  VALLEJO CA 94589,
11413462,11/01/2014 10:22,[RMS] Burglary,118 SAND DOLLAR DR  VALLEJO CA 94591,
11414054,11/01/2014 09:46,[RMS] Burglary,334 BUCKSKIN PL  VALLEJO CA 94591,
11413387,11/01/2014 06:03,[RMS] Burglary,1 MARIPOSA ST  VALLEJO CA 94590,Place: BURGER KING
11413377,10/31/2014 22:06,[RMS] Burglary,115 SAUNDERS DR  VALLEJO CA 94591,
11413358,10/31/2014 13:29,[RMS] Burglary,306 DIANA DR  VALLEJO CA 94589,Place: @POSS 459
11413505,10/31/2014 12:00,[RMS] Burglary,315 LOUISIANA ST  VALLEJO CA 94590,
11413335,10/30/2014 21:01,[RMS] Burglary,103 MAHER CT  VALLEJO CA 94591,
11413368,10/30/2014 16:55,[RMS] Burglary,927 CAROLINA ST  VALLEJO CA 94590,
11413324,10/30/2014 14:22,[RMS] Attempted Burglary-Felony,316 ALHAMBRA AVE  VALLEJO CA 94591,
11413321,10/30/2014 13:29,[RMS] Burglary,277 WESTWOOD ST  VALLEJO CA 94591,
11414802,10/30/2014 13:21,[RMS] Burglary,920 HUMBOLDT ST  VALLEJO CA 94591,Place: PUBLIC STORAGE
11413345,10/30/2014 00:36,[RMS] Burglary,1314 MONTEITH DR  VALLEJO CA 94590,
11413446,10/29/2014 20:12,[RMS] Burglary,448 GEORGIA ST  VALLEJO CA 94590,
11413293,10/29/2014 19:36,[RMS] Burglary,448 GEORGIA ST  VALLEJO CA 94590,
11413292,10/28/2014 18:09,[RMS] Burglary,1455 ENTERPRISE ST  VALLEJO CA 94589,Place: MOTEL SIX
11413214,10/28/2014 09:53,[RMS] Burglary,800 WELLFLEET DRIVE  VALLEJO CA 94591,Place: @DORIA RESIDENCE
11413200,10/28/2014 01:19,[RMS] Burglary,530 ROLEEN DR  VALLEJO CA 94589,
11413280,10/27/2014 20:13,[RMS] Burglary,3400 TENNESSEE ST  VALLEJO CA 94591,
11413191,10/27/2014 17:11,[RMS] Burglary,300 HILARY WY  VALLEJO CA 94591,
11413137,10/27/2014 05:08,[RMS] Burglary,480 NAPA ST  VALLEJO CA 94590,Place: MOORE RESIDENCE
11413179,10/26/2014 23:05,[RMS] Burglary,55 VALLE VISTA AV  VALLEJO CA 94590,Place: AUSTIN CREEK APARTMENTS
11413132,10/26/2014 20:19,[RMS] Burglary,455 HOLLY ST  VALLEJO CA 94589,Place: @HIPPOLITO RESIDENCE
11413123,10/26/2014 16:28,[RMS] Burglary,1524 ELLIOTT DR  VALLEJO CA 94589,
11413110,10/26/2014 06:50,[RMS] Burglary,1920 SOLANO AV  VALLEJO CA 94590,"Place: NEED INT CK/CHURCH\'S CHICKEN"
11413242,10/25/2014 17:20,[RMS] Burglary,148 PINTO DR  VALLEJO CA 94591,
11413063,10/24/2014 15:05,[RMS] Burglary,1733 ILLINOIS STREET  VALLEJO CA 94590,
11413060,10/24/2014 12:55,[RMS] Burglary,545 STEFFAN ST  VALLEJO CA 94591,Place: LOZANO RESIDENCE
11413054,10/24/2014 12:30,[RMS] Attempted Burglary-Felony,911 KENTUCKY ST  VALLEJO CA 94590,Place: @ATTEMPTING
11413048,10/24/2014 09:29,[RMS] Burglary,529 OHIO ST  VALLEJO CA 94590,Place: @*SUBJ SEEN IN YARD
11413081,10/24/2014 02:01,[RMS] Burglary,913 SUTTER ST  VALLEJO CA 94590,
11413033,10/23/2014 20:19,[RMS] Burglary,141 CADLONI LN  VALLEJO CA 94591,
11413035,10/23/2014 18:36,[RMS] Attempted Burglary-Felony,50 HALLIDAY ST  VALLEJO CA 94590,
11413026,10/23/2014 14:39,[RMS] Burglary,136 COLOMA WY  VALLEJO CA 94589,
11413068,10/22/2014 17:28,[RMS] Burglary,508 MILLER AV  VALLEJO CA 94591,
11412955,10/22/2014 15:36,[RMS] Burglary,515 STEFFAN ST  VALLEJO CA 94591,Place: CRUMP RESIDENCE
11412962,10/22/2014 15:09,[RMS] Burglary,563 N CAMINO ALTO  VALLEJO CA 94590,
11412940,10/22/2014 11:26,[RMS] Attempted Burglary-Felony,633 CAROLINA ST  VALLEJO CA 94590,Place: HOUSE
11412911,10/22/2014 05:20,[RMS] Burglary,165 PLAZA DR  VALLEJO CA 94591,Place: T MOBLIE
11412893,10/21/2014 16:34,[RMS] Attempted Burglary-Felony,411 NAPA ST  VALLEJO CA 94590,
11412899,10/21/2014 16:23,[RMS] Burglary,1809 MINI DR  VALLEJO CA 94589,
11412887,10/21/2014 13:07,[RMS] Burglary,1901 GEORGIA ST  VALLEJO CA 94590,Place: JUDDS WINDOW CLEANING
11412886,10/21/2014 12:58,[RMS] Burglary,774 ADMIRAL CALLAGHAN LN  VALLEJO CA 94591,Place: SAFEWAY
11412861,10/20/2014 20:39,[RMS] Burglary,512 SACRAMENTO ST  VALLEJO CA 94590,Place: CHINA WOK CHINESE CUISINE
11412999,10/20/2014 19:51,[RMS] Burglary,1608 NAPA ST  VALLEJO CA 94590,
11412847,10/20/2014 14:45,[RMS] Burglary,2261 SACRAMENTO ST  VALLEJO CA 94590,
11412836,10/20/2014 12:00,[RMS] Burglary,776 ADMIRAL CALLAGHAN LN  VALLEJO CA 94591,Place: SAFEWAY PARKNG LOT
11412953,10/20/2014 11:32,[RMS] Burglary,639 LOUISIANA ST  VALLEJO CA 94590,
11412827,10/20/2014 09:49,[RMS] Attempted Burglary-Felony,897 KNIGHTS CIR  VALLEJO CA 94591,Place: @ATTEMPT
11412824,10/20/2014 08:38,[RMS] Attempted Burglary-Felony,239 FLEMING AV  VALLEJO CA 94590,Place: HOUSE
11412825,10/19/2014 09:04,[RMS] Attempted Burglary-Felony,531 SWAN WAY  VALLEJO CA 94589,Place: @ATTEMPT
11412785,10/19/2014 04:50,[RMS] Burglary,905 BROADWAY ST  VALLEJO CA 94590,Place: @PIZZA HUT
11413553,10/18/2014 23:48,[RMS] Burglary,1455 ENTERPRISE ST  VALLEJO CA 94589,Place: MOTEL 6
11412782,10/18/2014 22:38,[RMS] Burglary,1122 FLORIDA ST  VALLEJO CA 94590,
11412783,10/18/2014 22:16,[RMS] Burglary,1130 FLORIDA ST  VALLEJO CA 94590,
11415703,10/18/2014 18:21,[RMS] Burglary,222 COUCH ST  VALLEJO CA 94590,Place: METRO SELF STORAGE
11412753,10/18/2014 06:04,[RMS] Burglary,1 MARIPOSA ST  VALLEJO CA 94590,Place: @BURGER KING///AND SECCK
11412714,10/16/2014 22:43,[RMS] Burglary,336 SEAWIND DR  VALLEJO CA 94590,
11412702,10/16/2014 16:45,[RMS] Burglary,155 RALSTON CT  VALLEJO CA 94591,
11412704,10/16/2014 16:10,[RMS] Burglary,315 LOUISIANA ST  VALLEJO CA 94590,
11412730,10/16/2014 11:05,[RMS] Burglary,289 MARE ISLAND WY  VALLEJO CA 94590,Place: @IFO STN
11412920,10/15/2014 16:49,[RMS] Burglary,115 DILLON DR  VALLEJO CA 94589,
11412650,10/15/2014 13:33,[RMS] Burglary,2126 INDIANA ST  VALLEJO CA 94590,
11412632,10/15/2014 13:02,[RMS] Burglary,6181 ELKHORN CT  VALLEJO CA 94591,
11412631,10/15/2014 12:53,[RMS] Burglary,751 ROSEWOOD AV  VALLEJO CA 94591,Place: @POSS JUST OCCRD
11412624,10/15/2014 11:35,[RMS] Burglary,177 MASONIC DR  VALLEJO CA 94591,Place: SPENCE RESIDENCE
11412601,10/14/2014 21:23,[RMS] Burglary,250 CRISP AV  VALLEJO CA 94592,
11412587,10/14/2014 20:11,[RMS] Attempted Burglary-Felony,2782 GEORGIA ST  VALLEJO CA 94591,
11412523,10/13/2014 22:45,[RMS] Attempted Burglary-Felony,100 SETTERQUIST DR  VALLEJO CA 94589,Place: FOLEY CULTURE CENTER
11412525,10/13/2014 17:50,[RMS] Burglary,2851 REDWOOD PW  VALLEJO CA,
11412512,10/13/2014 13:00,[RMS] Burglary,615 KENTUCKY ST  VALLEJO CA 94590,Place: HOUSE
11412516,10/13/2014 12:54,[RMS] Burglary,751 ROSEWOOD AV  VALLEJO CA 94591,
11412496,10/12/2014 21:04,[RMS] Burglary,1459 N CAMINO ALTO  VALLEJO CA 94589,
11412452,10/11/2014 13:35,[RMS] Burglary,722 PENNSYLVANIA ST  VALLEJO CA 94590,
11412441,10/11/2014 08:55,[RMS] Burglary,1921 SONOMA BLVD  VALLEJO CA 94590,Place: G AND M FOREIGN CAR REPAIR
11412429,10/10/2014 19:07,[RMS] Burglary,727 CAROLINA ST  VALLEJO CA 94590,
11412411,10/10/2014 13:35,[RMS] Burglary,110 CAMINO ALTO ST  VALLEJO CA 94590,Place: CAVANAUGH RESIDENCE
11412409,10/10/2014 13:22,[RMS] Burglary,15 ANTIOCH DR  VALLEJO CA 94589,
11412412,10/10/2014 13:00,[RMS] Burglary,1175 ADMIRAL CALLAGHAN LN  VALLEJO CA 94591,Place: HOME DEPOT
11412407,10/10/2014 11:59,[RMS] Burglary,1190 ADMIRAL CALLAGHAN LN  VALLEJO CA 94591,Place: KOHLS
11412617,10/10/2014 10:57,[RMS] Burglary,144 WESTWOOD ST  VALLEJO CA 94591,Place: ELEVATION ADVERTISING & MARKET
11412404,10/09/2014 17:53,[RMS] Burglary,519 SPRINGS RD  VALLEJO CA 94590,
11412366,10/09/2014 10:49,[RMS] Burglary,211 VALLE VISTA AV  VALLEJO CA 94590,
11412336,10/08/2014 17:28,[RMS] Burglary,336 VALLE VISTA AV  VALLEJO CA 94590,
11412380,10/08/2014 14:00,[RMS] Burglary,228 B ST  VALLEJO CA 94590,
11412312,10/08/2014 10:39,[RMS] Burglary,601 TENNESSEE ST  VALLEJO CA 94590,Place: DISCOUNT CIGGERETTES
11412311,10/08/2014 10:12,[RMS] Burglary,373 CLYDSDALE DR  VALLEJO CA 94591,Place: @ZABALETA RESIDENCE
11412284,10/07/2014 19:22,[RMS] Burglary,128 IFLAND WY  VALLEJO CA 94589,
11412253,10/07/2014 15:14,[RMS] Burglary,129 MAURER WY  VALLEJO CA 94591,
11412265,10/07/2014 13:58,[RMS] Burglary,927 TENNESSEE ST  VALLEJO CA 94590,Place: CONSUMER MUSIC
11412250,10/07/2014 13:43,[RMS] Burglary,918 LOUISIANA ST  VALLEJO CA 94590,Place: GLAIM RESIDENCE
11412277,10/07/2014 13:32,[RMS] Burglary,1005 SHERIDAN ST  VALLEJO CA 94590,
11412197,10/06/2014 13:30,[RMS] Burglary,132 HOGAN DR  VALLEJO CA 94589,Place: DELOSREYES RESIDENCE
11412306,10/06/2014 09:44,[RMS] Burglary,731 NAPA ST  VALLEJO CA 94590,
11412152,10/05/2014 17:31,[RMS] Burglary,623 EL DORADO ST  VALLEJO CA 94590,Place: APARTMENT
11412406,10/05/2014 12:02,[RMS] Burglary,100 RINCON WY  VALLEJO CA 94590,
11412255,10/03/2014 12:14,[RMS] Burglary,840 NEBRASKA ST  VALLEJO CA 94590,Place: VALLEJO HIGH SCHOOL
11412050,10/02/2014 14:21,[RMS] Burglary,278 EVELYN CR  VALLEJO CA 94589,
11412034,10/02/2014 11:59,[RMS] Attempted Burglary-Felony,1416 ENSIGN AV  VALLEJO CA 94590,Place: HOUSE
11411993,10/01/2014 17:45,[RMS] Burglary,121 LOUISIANA ST  VALLEJO CA 94590,
11411980,10/01/2014 11:24,[RMS] Burglary,2549 TENNESSEE ST  VALLEJO CA 94591,Place: @ 2549 TENNESSEE ST
11412023,10/01/2014 11:11,[RMS] Burglary,114 PLAZA DR  VALLEJO CA 94591,Place: INTERNATIONAL HOUSE OF PANCAKES
11411962,10/01/2014 00:25,[RMS] Attempted Burglary-Felony,3729 SONOMA BL  VALLEJO CA 94589,Place: THREE BROTHERS FURNITURE
11411959,09/30/2014 19:00,[RMS] Burglary,317 KENTUCKY ST  VALLEJO CA 94590,
11412206,09/30/2014 16:13,[RMS] Burglary,4311 SONOMA BL  VALLEJO CA 94589,Place: AAAA RENT A SPACE
11411943,09/30/2014 15:57,[RMS] Burglary,2015 ILLINOIS ST  VALLEJO CA 94590,
11412926,09/30/2014 15:17,[RMS] Burglary,4311 SONOMA BL  VALLEJO CA 94589,Place: AAAA RENT A SPACE
11411936,09/30/2014 14:44,[RMS] Burglary,1022 CAPITOL ST  VALLEJO CA 94590,Place: HOUSE
11411941,09/30/2014 14:34,[RMS] Burglary,2204 ASCOT PKY  VALLEJO CA 94591,
11411982,09/30/2014 11:37,[RMS] Burglary,1047 ROLLINGWOOD DR  VALLEJO CA 94591,Place: @2P2 HANDLING
11411989,09/30/2014 11:03,[RMS] Burglary,116 JORDAN ST  VALLEJO CA 94591,
11411902,09/30/2014 11:00,[RMS] Burglary,1898 MINI DR  VALLEJO CA 94589,
11411874,09/30/2014 02:28,[RMS] Burglary,532 SWAN WY  VALLEJO CA 94589,Place: BRADLEY RESIDENCE
11412179,09/29/2014 14:24,[RMS] Burglary,4311 SONOMA BL  VALLEJO CA 94589,Place: AAAA RENT A SPACE
11411910,09/29/2014 13:56,[RMS] Burglary,4311 SONOMA BL  VALLEJO CA 94589,Place: AAAA RENT A SPACE
11411849,09/29/2014 12:54,[RMS] Burglary,501 SERENO DR  VALLEJO CA 94589,Place: WALMART
11411886,09/29/2014 08:51,[RMS] Burglary,1030 OHIO ST  VALLEJO CA 94590,Place: HOUSE
11411826,09/29/2014 06:23,[RMS] Burglary,4300 SONOMA BLVD  VALLEJO CA 94589,Place: RALEYS STORE NOT CKD
11411806,09/28/2014 11:07,[RMS] Attempted Burglary-Felony,240 TENNESSEE ST  VALLEJO CA 94590,Place: CASH GO
11411968,09/28/2014 08:59,[RMS] Burglary,136 HOGAN AV  VALLEJO CA 94589,Place: CSS ALERT
11411779,09/27/2014 11:34,[RMS] Burglary,433 5TH ST  VALLEJO CA 94590,Place: @RP WAITING IFO
11411771,09/27/2014 10:41,[RMS] Burglary,544 THIRD  VALLEJO CA 94590,Place: @HOMEOWNER ON SCENE
11411810,09/26/2014 15:10,[RMS] Burglary,130 LOMA VISTA  VALLEJO CA 94590,Place: HOUSE
11411881,09/26/2014 12:33,[RMS] Attempted Burglary-Felony,1733 INDIANA ST  VALLEJO CA 94590,
11411882,09/26/2014 08:36,[RMS] Burglary,437 GEORGIA ST  VALLEJO CA 94590,
11411825,09/26/2014 06:41,[RMS] Burglary,303 CARLSON ST  VALLEJO CA 94590,Place: SOULTRANS OFFICE
11411720,09/26/2014 04:28,[RMS] Burglary,437 GEORGIA ST  VALLEJO CA 94590,Place: THE WORKS
11411719,09/26/2014 02:08,[RMS] Burglary,5201 SONOMA BL  VALLEJO CA 94589,Place: DOLLAR PLUS AND PARTY SUPPLIES
11411758,09/25/2014 21:49,[RMS] Burglary,374 REIS AV  VALLEJO CA 94591,
11411752,09/25/2014 19:09,[RMS] Burglary,192 FLEMING AV  VALLEJO CA 94590,
11411703,09/25/2014 14:39,[RMS] Burglary,2340 SPRINGS RD  VALLEJO CA 94591,
11411690,09/25/2014 13:34,[RMS] Burglary,215 STONEWOOD CT  VALLEJO CA 94591,Place: @WITHIN 10 MINS
11411677,09/25/2014 11:43,[RMS] Burglary,1001 OHIO ST  VALLEJO CA 94590,Place: HOUSE
11411721,09/25/2014 07:25,[RMS] Burglary,1731 SPRINGS RD  VALLEJO CA 94591,Place: JUDYS NAILS
11411801,09/25/2014 01:55,[RMS] Burglary,325 FALCON DR  VALLEJO CA 94589,Place: @GUN STOLEN
11411698,09/24/2014 16:13,[RMS] Burglary,36 RICHARDSON DR  VALLEJO CA 94589,
11411631,09/24/2014 10:07,[RMS] Burglary,428 OHIO ST  VALLEJO CA 94590,Place: HOUSE
11411852,09/24/2014 09:17,[RMS] Burglary,538 FLORIDA ST  VALLEJO CA 94590,
11411613,09/24/2014 00:19,[RMS] Burglary,5184 SONOMA BL  VALLEJO CA 94589,Place: FOOD 4 LESS
11411653,09/23/2014 15:05,[RMS] Burglary,309 OHIO ST  VALLEJO CA 94590,
11411595,09/23/2014 14:54,[RMS] Burglary,385 EL CAMINO REAL  VALLEJO CA 94590,
11411637,09/23/2014 12:42,[RMS] Burglary,234 ARKANSAS ST  VALLEJO CA 94590,
11411585,09/23/2014 10:40,[RMS] Burglary,520 KENTUCKY ST  VALLEJO CA 94590,Place: HOUSE
11411625,09/23/2014 09:05,[RMS] Burglary,140 YOLANO DR  VALLEJO CA 94589,Place: MICHAELS TRANSPORTATION
11411573,09/22/2014 20:14,[RMS] Burglary,631 SHERIDAN ST  VALLEJO CA 94590,
11411572,09/22/2014 19:23,[RMS] Burglary,925 OHIO ST  VALLEJO CA 94590,Place: HOUSE NOT CHECKED
11414324,09/22/2014 16:48,[RMS] Burglary,601 HILTON AV  VALLEJO CA 94591,
11411553,09/22/2014 13:31,[RMS] Burglary,516 SHELDON AVENUE  VALLEJO CA 94591,
11411548,09/22/2014 12:27,[RMS] Burglary,1825 SPRINGS ROAD  VALLEJO CA 94591,Place: HAPPY TAILS THRIFT STORE
11411519,09/22/2014 01:35,[RMS] Burglary,2154 SPRINGS RD  VALLEJO CA 94591,
11411491,09/21/2014 03:59,[RMS] Burglary,210 LOCUST DR  VALLEJO CA 94591,Place: CHURCH ON THE HILL
11411483,09/20/2014 23:33,[RMS] Burglary,100 CARDINAL LN  VALLEJO CA 94589,
11411451,09/20/2014 08:37,[RMS] Burglary,1332 LINCOLN RD E  VALLEJO CA 94591,Place: PACIFIC PIZZA
11411448,09/20/2014 02:33,[RMS] Attempted Burglary-Felony,3288 SONOMA BL  VALLEJO CA 94590,Place: BUTTERCUP GRILL AND BAR
11411528,09/19/2014 14:38,[RMS] Attempted Burglary-Felony,3288 SONOMA BL  VALLEJO CA 94590,Place: BUTTERCUP GRILL AND BAR
11411529,09/19/2014 14:13,[RMS] Burglary,485 MARE ISLAND WY  VALLEJO CA 94590,Place: VALLEJO YACHT CLUB
11411530,09/19/2014 13:13,[RMS] Burglary,431 STINSON ST  VALLEJO CA 94591,
11411415,09/19/2014 09:21,[RMS] Burglary,249 RIVERVIEW DR  VALLEJO CA 94589,
11411409,09/19/2014 07:59,[RMS] Attempted Burglary-Felony,400 POMONA AV  VALLEJO CA 94589,Place: @ATTEMPT
11411414,09/19/2014 07:57,[RMS] Burglary,1121 JACK LONDON DR  VALLEJO CA 94589,Place: CARINO RESIDENCE
11411413,09/19/2014 07:54,[RMS] Burglary,1606 OAKWOOD AV  VALLEJO CA 94591,Place: ODERO RESIDENCE
11411406,09/19/2014 03:44,[RMS] Attempted Burglary-Felony,1926 FLORIDA ST  VALLEJO CA 94590,
11411480,09/18/2014 19:23,[RMS] Burglary,101 JAMES RIVER RD  VALLEJO CA 94591,
11411339,09/17/2014 18:41,[RMS] Burglary,1683 VALLE VISTA AV  VALLEJO CA 94589,
11411306,09/17/2014 09:46,[RMS] Burglary,177 MEADOWS DR  VALLEJO CA 94589,
11411359,09/16/2014 20:09,[RMS] Burglary,425 WATERVIEW TER  VALLEJO CA 94591,
11411358,09/16/2014 19:55,[RMS] Burglary,2630 TENNESSEE ST  VALLEJO CA 94591,
11411281,09/16/2014 17:48,[RMS] Burglary,3206 TENNESSEE ST  VALLEJO CA 94591,
11411278,09/15/2014 16:39,[RMS] Burglary,946 HEARTWOOD AV  VALLEJO CA 94591,
11411181,09/15/2014 11:58,[RMS] Burglary,122 CRESCENT CT  VALLEJO CA 94591,
11411162,09/15/2014 08:31,[RMS] Burglary,268 WINDSOR WY  VALLEJO CA 94591,Place: MCDOWELL RESIDENCE
11411135,09/14/2014 17:35,[RMS] Burglary,735 GEORGIA ST  VALLEJO CA 94590,Place: HIGUERA APARTMENTS
11411253,09/14/2014 13:28,[RMS] Burglary,750 POPE DR  VALLEJO CA 94591,
11411099,09/13/2014 10:27,[RMS] Attempted Burglary-Felony,165 PLAZA DR  VALLEJO CA 94591,Place: T MOBILE/ATTEMPT 459
11411098,09/13/2014 06:21,[RMS] Burglary,165 PLAZA DR  VALLEJO CA 94591,Place: @ELITE WIRELESS
11411091,09/13/2014 01:33,[RMS] Attempted Burglary-Felony,1920 ILLINOIS ST  VALLEJO CA 94590,Place: CURTOLA RESIDENCE
11411156,09/12/2014 23:51,[RMS] Attempted Burglary-Felony,627 PIERCE ST  VALLEJO CA 94590,
11411075,09/12/2014 14:16,[RMS] Burglary,1300 E LINCOLN RD # 19  VALLEJO CA 94591,Place: @POSS 459
11411069,09/12/2014 12:17,[RMS] Burglary,124 COLT CT  VALLEJO CA 94590,Place: FABILLARAN RESIDENCE
11411153,09/12/2014 12:10,[RMS] Burglary,407 LOUISIANA ST  VALLEJO CA 94590,
11411061,09/12/2014 05:34,[RMS] Burglary,1455 ENTERPRISE ST  VALLEJO CA 94589,
11411136,09/11/2014 16:07,[RMS] Burglary,118 LA MONTANITA CT  VALLEJO CA 94589,
11411007,09/11/2014 11:14,[RMS] Attempted Burglary-Felony,407 JADE CIR  VALLEJO CA 94590,
11410997,09/11/2014 09:00,[RMS] Burglary,314 ALABAMA ST  VALLEJO CA 94590,Place: PETER BA PAPPAS CONST
11410995,09/11/2014 00:08,[RMS] Burglary,615 VERVAIS AV  VALLEJO CA 94591,Place: 459?
11410977,09/10/2014 14:44,[RMS] Burglary,200 SEA MIST DR  VALLEJO CA 94591,
11410966,09/10/2014 14:07,[RMS] Burglary,1000 PUEBLO WAY  VALLEJO CA 94591,Place: HOUSE
11410955,09/10/2014 13:19,[RMS] Burglary,738 INDIANA ST  VALLEJO CA 94590,
11410915,09/09/2014 20:17,[RMS] Burglary,133 CANDY DR  VALLEJO CA 94589,
11410842,09/08/2014 16:45,[RMS] Burglary,535 TREGASKIS AV  VALLEJO CA 94591,
11410841,09/08/2014 16:14,[RMS] Burglary,1066 MAPLE AV  VALLEJO CA 94591,
11411229,09/08/2014 14:22,[RMS] Burglary,1319 NAPA ST  VALLEJO CA 94590,
11411067,09/08/2014 12:08,[RMS] Burglary,2306 ALAMEDA ST  VALLEJO CA 94590,
11410871,09/08/2014 10:59,[RMS] Burglary,1931 GEORGIA ST  VALLEJO CA 94590,
11410798,09/07/2014 22:46,[RMS] Burglary,1455 ENTERPRISE ST  VALLEJO CA 94589,Place: MOTEL SIX
11410778,09/07/2014 09:24,[RMS] Burglary,1407 DEVLIN DR  VALLEJO CA 94591,
11410781,09/06/2014 11:11,[RMS] Burglary,529 NEBRASKA ST  VALLEJO CA 94590,Place: HOUSE
11411227,09/06/2014 09:58,[RMS] Burglary,143 SUNRISE WY  VALLEJO CA 94591,
11410723,09/05/2014 19:03,[RMS] Burglary,327 FLORIDA ST  VALLEJO CA 94590,
11410885,09/05/2014 15:54,[RMS] Burglary,4311 SONOMA BL  VALLEJO CA 94589,Place: AAAA RENT A SPACE
11411017,09/05/2014 14:06,[RMS] Burglary,4311 SONOMA BL  VALLEJO CA 94589,Place: AAAA RENT A SPACE
11410782,09/05/2014 11:59,[RMS] Burglary,114 NEBRASKA ST  VALLEJO CA 94590,
11410699,09/05/2014 03:17,[RMS] Burglary,4311 SONOMA BL  VALLEJO CA 94589,Place: AAAA RENT A SPACE
11410683,09/04/2014 19:48,[RMS] Burglary,154 LIPPIZAN DR  VALLEJO CA 94591,
11410939,09/04/2014 16:17,[RMS] Burglary,265 MINI DR  VALLEJO CA 94589,Place: PUBLIC STORAGE
11411025,09/04/2014 14:58,[RMS] Burglary,919 GEORGIA ST  VALLEJO CA 94590,Place: AURA PROPERTY MANAGEMENT
11410626,09/03/2014 20:31,[RMS] Burglary,401 FLEMING AVE E  VALLEJO CA 94591,
11410829,09/03/2014 17:44,[RMS] Burglary,265 TOLEDO CT  VALLEJO CA 94591,
11410616,09/03/2014 16:37,[RMS] Burglary,1009 EASTWOOD ST  VALLEJO CA 94591,
11410608,09/03/2014 15:49,[RMS] Burglary,108 TERRYBROOK LN  VALLEJO CA 94591,
11410580,09/03/2014 08:52,[RMS] Attempted Burglary-Felony,355 HANNIGAN WAY  VALLEJO CA 94589,Place: @ATTEMPT ONLY 10 AGO
11410963,09/01/2014 15:15,[RMS] Burglary,4311 SONOMA BL  VALLEJO CA 94589,Place: AAAA RENT A SPACE
11410900,09/01/2014 15:13,[RMS] Burglary,4311 SONOMA BL  VALLEJO CA 94589,Place: AAAA RENT A SPACE
11413234,09/01/2014 15:00,[RMS] Burglary,4311 SONOMA BL  VALLEJO CA 94589,Place: AAAA RENT A SPACE
11413323,09/01/2014 14:01,[RMS] Burglary,4311 SONOMA BL  VALLEJO CA 94589,Place: AAAA RENT A SPACE
11410499,09/01/2014 11:44,[RMS] Burglary,1141 MAPLE AV  VALLEJO CA 94591,Place: SAYSON RESIDENCE
11411239,09/01/2014 06:40,[RMS] Burglary,467 JORDAN ST  VALLEJO CA 94591,
11410493,08/31/2014 07:16,[RMS] Burglary,442 REIS AVE.  VALLEJO CA 94591,
11410466,08/31/2014 02:41,[RMS] Burglary,415 LEMON ST  VALLEJO CA 94590,
11410651,08/30/2014 16:59,[RMS] Burglary,828 MODOC ST  VALLEJO CA 94591,
11410474,08/30/2014 12:01,[RMS] Burglary,280 POWER DR  VALLEJO CA 94589,Place: BALAGTAS RESIDENCE
11410874,08/29/2014 21:23,[RMS] Burglary,400 EBBETTS PASS RD  VALLEJO CA 94589,Place: MEADOWS APARTMENTS
11410386,08/29/2014 08:26,[RMS] Burglary,611 SOLANO AVE  VALLEJO CA 94590,Place: @IFO VPD
11410384,08/29/2014 08:01,[RMS] Attempted Burglary-Felony,3508 HEADWATER DR  VALLEJO CA 94591,
11410344,08/28/2014 11:13,[RMS] Burglary,621 HICHBORN ST  VALLEJO CA 94590,
11410392,08/28/2014 09:08,[RMS] Burglary,3624 SONOMA BL  VALLEJO CA 94590,Place: PHO 1 NOODLE HOUSE
11410319,08/27/2014 22:53,[RMS] Burglary,118 LA MONTANITA CT  VALLEJO CA 94589,
11412353,08/27/2014 15:40,[RMS] Burglary,222 COUCH ST  VALLEJO CA 94590,Place: METRO SELF STORAGE
11410256,08/26/2014 18:23,[RMS] Burglary,153 HOGAN AV  VALLEJO CA 94589,Place: 30 AGO
11410578,08/26/2014 16:46,[RMS] Burglary,1203 SPYGLASS PKWY  VALLEJO CA 94591,
11410545,08/26/2014 13:57,[RMS] Burglary,1080 MAGAZINE ST  VALLEJO CA 94591,Place: VALLEJO SELF STORAGE
11410436,08/26/2014 09:35,[RMS] Burglary,124 FARRAGUT AV  VALLEJO CA 94590,Place: EDGEWATER APARTMENTS
11410331,08/26/2014 08:24,[RMS] Burglary,112 FRANKLIN ST  VALLEJO CA 94591,
11410206,08/26/2014 05:17,[RMS] Burglary,170 ROBLES WY  VALLEJO CA 94591,Place: @SUBWAY
11410205,08/26/2014 05:03,[RMS] Burglary,2089 SOLANO AV  VALLEJO CA 94590,Place: SUBWAY
11410194,08/25/2014 20:24,[RMS] Burglary,42 SPRINGSTOWNE CENTER  VALLEJO CA 94591,Place: NINETY NINE CENT STORE
11410191,08/25/2014 18:29,[RMS] Burglary,153 ASH ST  VALLEJO CA 94589,
11410190,08/25/2014 15:45,[RMS] Burglary,1190 ADMIRAL CALLAGHAN LN  VALLEJO CA 94591,Place: KOHLS
11410167,08/25/2014 13:42,[RMS] Burglary,1020 STERLING ST  VALLEJO CA 94591,Place: G A F TAX SERVICES
11410146,08/24/2014 23:57,[RMS] Burglary,5184 SONOMA BL  VALLEJO CA 94589,Place: FOOD 4 LESS
11500470,08/24/2014 16:03,[RMS] Burglary,433 LOUISIANA ST  VALLEJO CA 94590,
11410889,08/24/2014 12:10,[RMS] Burglary,1207 CORONEL AV  VALLEJO CA 94591,
11410643,08/24/2014 11:45,[RMS] Burglary,105 RIDGEWOOD CT  VALLEJO CA 94591,
11410126,08/24/2014 07:32,[RMS] Burglary,200 COMMERCIAL ST  VALLEJO CA 94589,Place: COMMUNITY PLAYGROUND
11410162,08/23/2014 16:30,[RMS] Burglary,808 SACRAMENTO ST  VALLEJO CA 94590,
11410096,08/23/2014 14:15,[RMS] Burglary,745 KENTUCKY ST  VALLEJO CA 94590,
11410095,08/23/2014 13:17,[RMS] Burglary,21 LAUREL ST  VALLEJO CA 94591,Place: J D SPECIAL EVENTS
11410127,08/23/2014 08:08,[RMS] Burglary,785 WALNUT AV  VALLEJO CA 94592,Place: MARE ISLAND SPORTS CENTER
11410088,08/23/2014 04:09,[RMS] Burglary,2580 SPRINGS RD  VALLEJO CA 94591,Place: SEVEN ELEVEN
11410216,08/22/2014 16:38,[RMS] Burglary,825 LOUISIANA ST  VALLEJO CA 94590,
11410073,08/22/2014 15:30,[RMS] Burglary,502 MCLANE ST  VALLEJO CA 94590,
11410071,08/22/2014 14:36,[RMS] Burglary,1815 MINI DR  VALLEJO CA 94589,
11410066,08/22/2014 12:49,[RMS] Burglary,911 6TH ST  VALLEJO CA 94590,Place: HOUSE
11410061,08/22/2014 09:45,[RMS] Burglary,123 BYERLY CT  VALLEJO CA 94591,Place: RESIDENCE
11410060,08/22/2014 09:12,[RMS] Attempted Burglary-Felony,355 MEADOWS DR  VALLEJO CA 94589,Place: @ATT
11410892,08/21/2014 09:19,[RMS] Burglary,449 CARTER ST  VALLEJO CA 94590,
11410004,08/20/2014 18:31,[RMS] Burglary,597 SANDY BEACH RD  VALLEJO CA 94590,Place: MOTEL 6
11409996,08/20/2014 16:11,[RMS] Burglary,205 BENICIA RD  VALLEJO CA 94590,
11409986,08/20/2014 12:14,[RMS] Burglary,1815 GEORGIA ST  VALLEJO CA 94590,
11409981,08/20/2014 09:52,[RMS] Burglary,5184 SONOMA BL  VALLEJO CA 94589,Place: FOOD 4 LESS
11409948,08/20/2014 06:12,[RMS] Burglary,211 LINCOLN RD W  VALLEJO CA 94590,Place: MOTEL 7
11409943,08/20/2014 01:27,[RMS] Burglary,558 HENRY ST  VALLEJO CA 94591,
11409935,08/19/2014 20:54,[RMS] Burglary,144 MORNINGSIDE AV  VALLEJO CA 94590,
11409908,08/19/2014 13:27,[RMS] Burglary,101 SEAWALL COURT  VALLEJO CA 94591,
11409945,08/19/2014 03:00,[RMS] Burglary,446 LINCOLN RD E  VALLEJO CA 94591,Place: BAYS INN
11409883,08/19/2014 01:29,[RMS] Attempted Burglary-Felony,447 ARKANSAS ST  VALLEJO CA 94590,Place: @ATTEMPT
11409884,08/19/2014 00:42,[RMS] Burglary,621 HICHBORN ST  VALLEJO CA 94590,
11409873,08/18/2014 18:58,[RMS] Burglary,198 PLAZA DR  VALLEJO CA 94591,Place: COSTCO
11409870,08/18/2014 11:56,[RMS] Burglary,1901 GEORGIA ST  VALLEJO CA 94590,Place: JUDDS WINDOW CLEANING
11409856,08/18/2014 11:15,[RMS] Burglary,1190 ADMIRAL CALLAGHAN LN  VALLEJO CA 94591,Place: KOHLS
11409825,08/18/2014 03:21,[RMS] Burglary,928 ADMIRAL CALLAGHAN LN  VALLEJO CA 94591,Place: SALLIE BEAUTY
11409826,08/18/2014 03:09,[RMS] Burglary,1901 GEORGIA ST  VALLEJO CA 94590,Place: JUDD RESIDENCE
11409809,08/17/2014 18:05,[RMS] Burglary,150 GLEN COVE MARINA RD E  VALLEJO CA 94591,Place: SERENITY LAWRENCE STUDIOS
11409815,08/17/2014 17:51,[RMS] Burglary,495 FLEMING AVE E  VALLEJO CA 94591,
11409804,08/17/2014 14:32,[RMS] Burglary,141 KATHY ELLEN DR  VALLEJO CA 94591,
11410500,08/17/2014 12:29,[RMS] Burglary,1324 SUTTER ST  VALLEJO CA 94590,Place: HOUSE
11409839,08/17/2014 10:11,[RMS] Burglary,707 INDIANA ST  VALLEJO CA 94590,Place: HOUSE
11409933,08/16/2014 20:53,[RMS] Burglary,816 COLUSA ST  VALLEJO CA 94590,
11409772,08/16/2014 20:09,[RMS] Burglary,1401 BEACH ST  VALLEJO CA 94590,Place: @SPANISH SPEAKING
11409862,08/16/2014 19:27,[RMS] Burglary,222 COUCH ST  VALLEJO CA 94590,Place: METRO SELF STORAGE
11409801,08/16/2014 11:56,[RMS] Burglary,2851 REDWOOD PKWY  VALLEJO CA 94591,Place: @459
11409798,08/16/2014 11:19,[RMS] Burglary,104 MOUNTAIN VIEW AV  VALLEJO CA 94590,Place: 10851
11409754,08/16/2014 03:32,[RMS] Burglary,446 LINCOLN RD E  VALLEJO CA 94591,Place: BAYS INN
11409761,08/15/2014 09:26,[RMS] Burglary,140 JOANN CT  VALLEJO CA 94589,
11409702,08/14/2014 17:20,[RMS] Burglary,116 BIDWELL WY  VALLEJO CA 94589,"Place: MORATAYA\'S LANDSCAPING"
11409686,08/14/2014 14:17,[RMS] Attempted Burglary-Felony,248 VALLE VISTA AV  VALLEJO CA 94590,
11409666,08/13/2014 17:58,[RMS] Burglary,1146 OHIO ST  VALLEJO CA 94590,
11409649,08/12/2014 20:26,[RMS] Burglary,1900 ASCOT PKY  VALLEJO CA 94591,Place: E R C JANITORIAL SERVICES
11409620,08/12/2014 18:07,[RMS] Burglary,120 EL MONTE AV  VALLEJO CA 94591,
11409613,08/12/2014 17:39,[RMS] Burglary,4407 GEORGIA ST  VALLEJO CA 94591,
11409563,08/12/2014 09:15,[RMS] Burglary,"480 REDWOOD ST #33,34,35  VALLEJO CA 94590",Place: MERCURY PHARMACY
11409558,08/12/2014 02:51,[RMS] Burglary,918 ADMIRAL CALLAGHAN LN  VALLEJO CA 94591,Place: @RADIO SHACK
11409626,08/12/2014 01:12,[RMS] Burglary,101 PELICAN DR  VALLEJO CA 94589,
11409600,08/11/2014 21:22,[RMS] Burglary,272 VOYAGER DR  VALLEJO CA 94590,Place: C HARVEY ENTERPRISES
11409688,08/11/2014 20:19,[RMS] Burglary,4311 SONOMA BL  VALLEJO CA 94589,Place: AAAA RENT A SPACE
11409551,08/11/2014 20:14,[RMS] Attempted Burglary-Felony,5400 LA SALLE WY  VALLEJO CA 94591,Place: @ ATTEMPT
11409524,08/11/2014 11:11,[RMS] Burglary,207 VALENCIA ST  VALLEJO CA 94591,
11409531,08/11/2014 11:07,[RMS] Burglary,208 ARAGON ST  VALLEJO CA 94591,
11409508,08/10/2014 17:02,[RMS] Burglary,1206 CORONEL AV  VALLEJO CA 94591,
11409541,08/10/2014 16:25,[RMS] Burglary,208 SPRINGS RD  VALLEJO CA 94590,Place: HOUSE
11409503,08/10/2014 11:01,[RMS] Burglary,336 ALHAMBRA AVE  VALLEJO CA 94591,
11409487,08/09/2014 20:28,[RMS] Burglary,139 CLAREMONT AV  VALLEJO CA 94590,
11409548,08/09/2014 19:20,[RMS] Burglary,108 TERRYBROOK CT  VALLEJO CA 94591,
11409578,08/09/2014 17:31,[RMS] Burglary,6279 PEBBLE BEACH DR  VALLEJO CA 94591,
11409572,08/08/2014 16:26,[RMS] Burglary,801 HEARTWOOD AV  VALLEJO CA 94591,Place: CUNNINGHAM POOL
11409692,08/08/2014 15:54,[RMS] Burglary,707 HEARTWOOD AV  VALLEJO CA 94591,Place: GVRD KIDS CLUB
11409439,08/08/2014 14:42,[RMS] Burglary,7243 SEAGLASS DR  VALLEJO CA 94591,
11409437,08/08/2014 13:22,[RMS] Burglary,2813 REDWOOD PW  VALLEJO CA,Place: FRAUD//LITTLE CAESARS
11409418,08/07/2014 16:44,[RMS] Burglary,165 GREGORY LN  VALLEJO CA 94591,
11409433,08/07/2014 05:41,[RMS] Burglary,655 COLUMBUS PKY  VALLEJO CA 94591,Place: VALLEJO GOLF CLUB BLUE ROCK
11409384,08/07/2014 04:19,[RMS] Attempted Burglary-Felony,135 CAROLINA ST  VALLEJO CA 94590,Place: MARINA HEIGHTS APTS
11409385,08/07/2014 04:00,[RMS] Burglary,332 WINCHESTER ST  VALLEJO CA 94590,Place: @HARVEST RESIDENCE
11409383,08/07/2014 03:30,[RMS] Burglary,198 PLAZA DR  VALLEJO CA 94591,Place: COSTCO
11409562,08/05/2014 07:34,[RMS] Burglary,231 TROTTER DRIVE  VALLEJO CA 94591,Place: POSS 459/DOOR KICK
11409339,08/05/2014 01:37,[RMS] Burglary,754 ADMIRAL CALLAGHAN LN  VALLEJO CA 94591,Place: ALLIED CASH ADVANCE
11410031,08/04/2014 19:29,[RMS] Burglary,105 RIDGEWOOD CT  VALLEJO CA 94591,
11409273,08/04/2014 17:23,[RMS] Burglary,268 WINDSOR WY  VALLEJO CA 94591,Place: HOUSE
11409259,08/04/2014 13:12,[RMS] Burglary,1121 LOYOLA WY  VALLEJO CA 94589,
11409350,08/04/2014 11:11,[RMS] Burglary,101 WINDJAMMER DR  VALLEJO CA 94591,
11409243,08/04/2014 10:20,[RMS] Burglary,1115 LOYOLA WY  VALLEJO CA 94589,
11409432,08/03/2014 07:53,[RMS] Burglary,1900 OHIO ST  VALLEJO CA 94590,
11409182,08/01/2014 22:33,[RMS] Burglary,392 ALHAMBRA AVE  VALLEJO CA 94591,
11409172,08/01/2014 17:13,[RMS] Burglary,1048 5TH ST  VALLEJO CA 94590,
11409153,08/01/2014 03:49,[RMS] Burglary,165 PLAZA DR  VALLEJO CA 94591,Place: ELITE WIRELESS GROUP
